<?xml version="1.0" encoding="UTF-8"?>
<configuration>
    <timestamp key="startTimestamp" datePattern="yyyyMMddHHmmssSSS"/>
    <appender name="FILE" class="ch.qos.logback.classic.sift.SiftingAppender">
        <!-- assign a value to 'logFileName' via Java code -->
        <discriminator>
            <key>logFileName</key>
            <defaultValue>AutomationLogs</defaultValue>
        </discriminator>
        <sift>
            <appender name="FILE-${logFileName}" class="ch.qos.logback.core.rolling.RollingFileAppender">
                <file>logs/${logFileName}.log</file>
                <encoder class="ch.qos.logback.classic.encoder.PatternLayoutEncoder">
                    <Pattern>
                        %d{yyyy-MM-dd HH:mm:ss} [%thread] %level %logger{35} - %msg%n
                    </Pattern>
                </encoder>
                <rollingPolicy class="ch.qos.logback.core.rolling.FixedWindowRollingPolicy">
                    <FileNamePattern>logs/${logFileName}.%i.log.zip
                    </FileNamePattern>
                    <MinIndex>1</MinIndex>
                    <MaxIndex>10</MaxIndex>
                </rollingPolicy>
                <triggeringPolicy class="ch.qos.logback.core.rolling.SizeBasedTriggeringPolicy">
                    <MaxFileSize>4KB</MaxFileSize>
                </triggeringPolicy>
            </appender>
        </sift>
    </appender>
    <!-- Send debug messages to System.out -->
    <appender name="STDOUT" class="ch.qos.logback.core.ConsoleAppender">
        <!-- By default, encoders are assigned the type ch.qos.logback.classic.encoder.PatternLayoutEncoder -->
        <encoder>
            <pattern>%d{HH:mm:ss.SSS} [%thread] %-5level %logger{5} - %msg%n</pattern>
        </encoder>
    </appender>
    <appender name="colorAppender" class="ch.qos.logback.core.ConsoleAppender">
        <encoder class="ch.qos.logback.classic.encoder.PatternLayoutEncoder">
            <pattern>%d %green([%thread]) %highlight(%level) %logger{50} - %msg%n</pattern>
        </encoder>
    </appender>
    <!-- By default, the level of the root level is set to DEBUG -->
    <root level="INFO">
        <appender-ref ref="STDOUT"/>
        <appender-ref ref="FILE"/>
    </root>
</configuration>